Poster,Rank & Title,IMDb Rating,Your Rating,Watchlist
"https://m.media-amazon.com/images/M/MV5BNmZkMTMzNmEtMWU5NC00MjEzLWE5MzktYzRlMmQyMzk0YmM1XkEyXkFqcGdeQXVyNTA4NzY1MzY@._V1_UX45_CR0,0,45,67_AL_.jpg",1. Anand (1971),8.7,,
"https://m.media-amazon.com/images/M/MV5BYmY3MzYwMGUtOWMxYS00OGVhLWFjNmUtYzlkNGVmY2ZkMjA3XkEyXkFqcGdeQXVyMTExNDQ2MTI@._V1_UY67_CR3,0,45,67_AL_.jpg",2. Drishyam (2013),8.6,,
"https://m.media-amazon.com/images/M/MV5BZDhkMTQ0YWQtOWJmMy00Zjg1LTk1YzMtYzdhY2RhNWQ2ZmE4XkEyXkFqcGdeQXVyODEzOTQwNTY@._V1_UY67_CR2,0,45,67_AL_.jpg",3. Nayakan (1987),8.6,,
"https://m.media-amazon.com/images/M/MV5BNWQxY2MyNmUtOTkxZC00MmQ3LWFkMjMtNWU3YmFlZDM5YTBhXkEyXkFqcGdeQXVyNjQ2MjQ5NzM@._V1_UY67_CR1,0,45,67_AL_.jpg",4. Anbe Sivam (2003),8.5,,
"https://m.media-amazon.com/images/M/MV5BMjA4OTczODgxNF5BMl5BanBnXkFtZTgwMDAzMTU2NDE@._V1_UY67_CR2,0,45,67_AL_.jpg",5. Gol Maal (1979),8.5,,
"https://m.media-amazon.com/images/M/MV5BMWU4ZjNlNTQtOGE2MS00NDI0LWFlYjMtMmY3ZWVkMjJkNGRmXkEyXkFqcGdeQXVyNjE1OTQ0NjA@._V1_UY67_CR0,0,45,67_AL_.jpg",6. Uri: The Surgical Strike (2019),8.5,,
"https://m.media-amazon.com/images/M/MV5BOThmZDI0YmMtNjRmYS00ODBjLTliNDktY2NkNWU4MDZlZDFiXkEyXkFqcGdeQXVyODIwMDI1NjM@._V1_UY67_CR2,0,45,67_AL_.jpg",7. Vikram Vedha (2017),8.5,,
"https://m.media-amazon.com/images/M/MV5BZjA2NjJmOGMtMGMxMS00OGNhLWE2OTEtM2NjYWE5ZGI1MjYyXkEyXkFqcGdeQXVyODE5NzE3OTE@._V1_UY67_CR0,0,45,67_AL_.jpg",8. Black Friday (2004),8.5,,
"https://m.media-amazon.com/images/M/MV5BMjU2NzIzMjYtMGE2ZS00YzgzLWE5MzgtZTFiYTlmOWNlYmJkXkEyXkFqcGdeQXVyODIwMDI1NjM@._V1_UY67_CR2,0,45,67_AL_.jpg",9. Ratsasan (2018),8.4,,
"https://m.media-amazon.com/images/M/MV5BZWZhMjhhZmYtOTIzOC00MGYzLWI1OGYtM2ZkN2IxNTI4ZWI3XkEyXkFqcGdeQXVyNDAzNDk0MTQ@._V1_UY67_CR0,0,45,67_AL_.jpg",10. Andhadhun (2018),8.4,,
"https://m.media-amazon.com/images/M/MV5BMTQ4MzQzMzM2Nl5BMl5BanBnXkFtZTgwMTQ1NzU3MDI@._V1_UY67_CR1,0,45,67_AL_.jpg",11. Dangal (2016),8.4,,
"https://m.media-amazon.com/images/M/MV5BMTU5ZTk4Y2YtYTQ4Zi00YzQ3LWJmZjEtOGJjMjQzN2M4MTY1XkEyXkFqcGdeQXVyMjQ3NzUxOTM@._V1_UY67_CR0,0,45,67_AL_.jpg",12. Pather Panchali (1955),8.4,,
"https://m.media-amazon.com/images/M/MV5BNTVmYTk2NjAtYzY3MS00YjFjLTlkYzktYzg3YzMyZDQyOWRiXkEyXkFqcGdeQXVyNjQ2MjQ5NzM@._V1_UY67_CR0,0,45,67_AL_.jpg",13. Taare Zameen Par (2007),8.4,,
"https://m.media-amazon.com/images/M/MV5BNjFhZWU0NmItYjkyMS00Y2VkLTkxMDctYzlhM2RiMDM2NWU3XkEyXkFqcGdeQXVyODk4ODEyMjk@._V1_UX45_CR0,0,45,67_AL_.jpg",14. Aruvi (2016),8.4,,
"https://m.media-amazon.com/images/M/MV5BNTkyOGVjMGEtNmQzZi00NzFlLTlhOWQtODYyMDc2ZGJmYzFhXkEyXkFqcGdeQXVyNjU0OTQ0OTY@._V1_UY67_CR1,0,45,67_AL_.jpg",15. 3 Idiots (2009),8.4,,
"https://m.media-amazon.com/images/M/MV5BN2NjNzY4NTItNGRhNC00ZjY1LWExODMtYzNkNDgzZGViMGZhXkEyXkFqcGdeQXVyMjUxMTY3ODM@._V1_UX45_CR0,0,45,67_AL_.jpg",16. 96 (2018),8.3,,
"https://m.media-amazon.com/images/M/MV5BZjQxMmE4NDMtZGVkYi00YmQyLThiNTMtOTVmNDEyZWQ2MzUwXkEyXkFqcGdeQXVyMjkxNzQ1NDI@._V1_UX45_CR0,0,45,67_AL_.jpg",17. Manichithrathazhu (1993),8.3,,
"https://m.media-amazon.com/images/M/MV5BMDE0Y2NhYjEtNWM3MS00MzFiLTlkODctYmViY2Q4OTczYWI2XkEyXkFqcGdeQXVyNDUzOTQ5MjY@._V1_UY67_CR3,0,45,67_AL_.jpg",18. Jaane Bhi Do Yaaro (1983),8.3,,
"https://m.media-amazon.com/images/M/MV5BYTNjNWQ1NzEtYmI0NC00MGYzLTliNWItNWExZTM1NTdlZDVlXkEyXkFqcGdeQXVyNjQ1MDcxNzM@._V1_UX45_CR0,0,45,67_AL_.jpg",19. Thalapathi (1991),8.3,,
"https://m.media-amazon.com/images/M/MV5BMDM4NzM3ZGEtMTgwOC00NzQzLThkYWMtMWUyNTgzNGEwNTM1XkEyXkFqcGdeQXVyNjc5Mjg4Nzc@._V1_UX45_CR0,0,45,67_AL_.jpg",20. Guide (1965),8.3,,
"https://m.media-amazon.com/images/M/MV5BMjAzMjMzMzU2N15BMl5BanBnXkFtZTgwMDkxOTE3NDE@._V1_UY67_CR2,0,45,67_AL_.jpg",21. Chupke Chupke (1975),8.3,,
"https://m.media-amazon.com/images/M/MV5BMGM2ZDY4Y2ItMTRkMC00ZWZmLWE3ZjYtYjBmNDU5ZjI0ZDA5XkEyXkFqcGdeQXVyMjczODk3NjA@._V1_UX45_CR0,0,45,67_AL_.jpg",22. Thani Oruvan (2015),8.3,,
"https://m.media-amazon.com/images/M/MV5BMzZmZTUzMDgtOWZlYS00YWRhLWEzN2ItMmU0N2EwZjhkMmVkXkEyXkFqcGdeQXVyODE0NjUxNzY@._V1_UY67_CR0,0,45,67_AL_.jpg",23. Kannathil Muthamittal (2002),8.2,,
"https://m.media-amazon.com/images/M/MV5BZTg2YWFkOGMtYWExMy00YmFiLTk2YjctNTAzZDk5MjdhMzdlXkEyXkFqcGdeQXVyNjQ2MjQ5NzM@._V1_UY67_CR1,0,45,67_AL_.jpg",24. Khosla Ka Ghosla! (2006),8.2,,
"https://m.media-amazon.com/images/M/MV5BZDkzMTQ1YTMtMWY4Ny00MzExLTkzYzEtNzZhOTczNzU2NTU1XkEyXkFqcGdeQXVyODY3NjMyMDU@._V1_UY67_CR3,0,45,67_AL_.jpg",25. Gully Boy (2019),8.2,,
"https://m.media-amazon.com/images/M/MV5BOTEyZmIyOWEtNjBkOS00ZjcyLThiMTEtZWJhNTI1OTRjMDk4XkEyXkFqcGdeQXVyMTMxODk2OTU@._V1_UY67_CR1,0,45,67_AL_.jpg",26. The World of Apu (1959),8.2,,
"https://m.media-amazon.com/images/M/MV5BZjU3MWM1MDYtZGE2Mi00MTk1LWJlOWEtNmJlN2RkOTBjYWVjXkEyXkFqcGdeQXVyODIwMDI1NjM@._V1_UY67_CR2,0,45,67_AL_.jpg",27. Vada Chennai (2018),8.2,,
"https://m.media-amazon.com/images/M/MV5BZTQ1YTI4NzYtODJmZi00NTcwLWE3ZWItODZiZThhZWJiNTI4XkEyXkFqcGdeQXVyODE0NjUxNzY@._V1_UX45_CR0,0,45,67_AL_.jpg",28. Dhuruvangal Pathinaaru (2016),8.2,,
"https://m.media-amazon.com/images/M/MV5BMTYyMDE1NjQ1Nl5BMl5BanBnXkFtZTgwMDAyMTUzMDE@._V1_UY67_CR2,0,45,67_AL_.jpg",29. Shahid (2012),8.2,,
"https://m.media-amazon.com/images/M/MV5BMTYzODg0Mjc4M15BMl5BanBnXkFtZTgwNzY4Mzc3NjE@._V1_UY67_CR2,0,45,67_AL_.jpg",30. Talvar (2015),8.2,,
"https://m.media-amazon.com/images/M/MV5BYmJhZmJlYTItZmZlNy00MGY0LTg0ZGMtNWFkYWU5NTA1YTNhXkEyXkFqcGdeQXVyODE5NzE3OTE@._V1_UY67_CR0,0,45,67_AL_.jpg",31. Drishyam (2015),8.2,,
"https://m.media-amazon.com/images/M/MV5BMTQxNTI5ODI1N15BMl5BanBnXkFtZTcwMDc2ODgzMQ@@._V1_UY67_CR1,0,45,67_AL_.jpg",32. Mughal-E-Azam (1960),8.2,,
"https://m.media-amazon.com/images/M/MV5BMjI1NjI2OTM4N15BMl5BanBnXkFtZTgwMzQ2MzkwNzE@._V1_UY67_CR1,0,45,67_AL_.jpg",33. Aparajito (1956),8.2,,
"https://m.media-amazon.com/images/M/MV5BNTI5MmE5M2UtZjIzYS00M2JjLWIwNDItYTY2ZWNiODBmYTBiXkEyXkFqcGdeQXVyNjQ2MjQ5NzM@._V1_UY67_CR0,0,45,67_AL_.jpg",34. Black (2005),8.2,,
"https://m.media-amazon.com/images/M/MV5BZWY2MGUzM2QtZDljNy00ZTg5LTk0ODQtMjE1ODhjMzcyMDg1XkEyXkFqcGdeQXVyODE5NzE3OTE@._V1_UY67_CR2,0,45,67_AL_.jpg",35. Hera Pheri (2000),8.2,,
"https://m.media-amazon.com/images/M/MV5BOTY0MzA3NmQtMDQ2YS00MmIyLTkzNWItMjkyMmYyMmZkNDI0XkEyXkFqcGdeQXVyODIwMDI1NjM@._V1_UX45_CR0,0,45,67_AL_.jpg",36. Jigarthanda (2014),8.2,,
"https://m.media-amazon.com/images/M/MV5BMmNkN2ZkODgtZTU1Zi00MDg3LWE1MGQtM2ZmY2Y3ODcwZmE5XkEyXkFqcGdeQXVyNTgxODY5ODI@._V1_UX45_CR0,0,45,67_AL_.jpg",37. Mahanati (2018),8.1,,
"https://m.media-amazon.com/images/M/MV5BNTgwODM5OTMzN15BMl5BanBnXkFtZTcwMTA3NzI1Nw@@._V1_UY67_CR0,0,45,67_AL_.jpg",38. Paan Singh Tomar (2012),8.1,,
"https://m.media-amazon.com/images/M/MV5BM2I3OGU1YmQtNjIyOC00OGYzLWFkOTgtOGIyMDVlNmE2M2VmXkEyXkFqcGdeQXVyODE5NzE3OTE@._V1_UY67_CR1,0,45,67_AL_.jpg",39. Rang De Basanti (2006),8.1,,
"https://m.media-amazon.com/images/M/MV5BMTMwMjk3MzA2OF5BMl5BanBnXkFtZTcwNjU2ODgzMQ@@._V1_UY67_CR1,0,45,67_AL_.jpg",40. Satya (1998),8.1,,
"https://m.media-amazon.com/images/M/MV5BMTY1Nzg4MjcwN15BMl5BanBnXkFtZTcwOTc1NTk1OQ@@._V1_UY67_CR0,0,45,67_AL_.jpg",41. Bhaag Milkha Bhaag (2013),8.1,,
"https://m.media-amazon.com/images/M/MV5BNzZiNGRlM2EtZWEwZC00MDg5LWEyYTctYjJkYmFjNzRiZmE1XkEyXkFqcGdeQXVyODk1MzE5NDA@._V1_UX45_CR0,0,45,67_AL_.jpg",42. Soodhu Kavvum (2013),8.1,,
"https://m.media-amazon.com/images/M/MV5BNTU1ZjQwNDAtZDAwMC00OTcyLTg4MDUtOTUwYTU4N2M4YTgxXkEyXkFqcGdeQXVyNDUzOTQ5MjY@._V1_UY67_CR2,0,45,67_AL_.jpg",43. Jo Jeeta Wohi Sikandar (1992),8.1,,
"https://m.media-amazon.com/images/M/MV5BZDMwOTBkYzktZTU4MS00MmFmLTljZmUtNzMyNGQ4ODcyYWE2XkEyXkFqcGdeQXVyODE5NzE3OTE@._V1_UX45_CR0,0,45,67_AL_.jpg",44. OMG: Oh My God! (2012),8.1,,
"https://m.media-amazon.com/images/M/MV5BNWYyOWRlOWItZWM5MS00ZjJkLWI0MTUtYTE3NTI5MDAwYjgyXkEyXkFqcGdeQXVyODE5NzE3OTE@._V1_UY67_CR0,0,45,67_AL_.jpg",45. Queen (2013),8.1,,
"https://m.media-amazon.com/images/M/MV5BYzExOTcwNjYtZTljMC00YTQ2LWI2YjYtNWFlYzQ0YTJhNzJmXkEyXkFqcGdeQXVyNjQ2MjQ5NzM@._V1_UY67_CR0,0,45,67_AL_.jpg",46. Swades (2004),8.1,,
"https://m.media-amazon.com/images/M/MV5BOGZiM2IwODktNTdiMC00MGU1LWEyZTYtOTk4NTkwYmJkNmI1L2ltYWdlL2ltYWdlXkEyXkFqcGdeQXVyNjU0OTQ0OTY@._V1_UY67_CR2,0,45,67_AL_.jpg",47. Sholay (1975),8.1,,
"https://m.media-amazon.com/images/M/MV5BMTc5NjY4MjUwNF5BMl5BanBnXkFtZTgwODM3NzM5MzE@._V1_UY67_CR0,0,45,67_AL_.jpg",48. Gangs of Wasseypur (2012),8.1,,
"https://m.media-amazon.com/images/M/MV5BMTUzODMyNzk4NV5BMl5BanBnXkFtZTgwNTk1NTYyNTM@._V1_UY67_CR2,0,45,67_AL_.jpg",49. Chak de! India (2007),8.1,,
"https://m.media-amazon.com/images/M/MV5BMjBjNWYyY2UtOGNjZC00MTg4LWIwYWItYmZiNDI5MGUwNWRkXkEyXkFqcGdeQXVyNjI1NjA5NjE@._V1_UY67_CR0,0,45,67_AL_.jpg",50. Sairat (2016),8.1,,
"https://m.media-amazon.com/images/M/MV5BMzJhNjMyOGMtYjhiYy00ZTAwLThmZWUtZmE5NzI3OTk4Y2M4XkEyXkFqcGdeQXVyMzQ5Njc3NzU@._V1_UY67_CR2,0,45,67_AL_.jpg",51. Premam (2015),8.1,,
"https://m.media-amazon.com/images/M/MV5BZmY5NjNjYWMtNmJhNi00YTk0LTg0OWUtNDE4OGQ0YmM4NDAwXkEyXkFqcGdeQXVyODE5NzE3OTE@._V1_UY67_CR2,0,45,67_AL_.jpg",52. Bangalore Days (2014),8.1,,
"https://m.media-amazon.com/images/M/MV5BOTcwMzdiMWItMjZlOS00MzAzLTg5OTItNTA4OGYyMjBhMmRiXkEyXkFqcGdeQXVyODE5NzE3OTE@._V1_UY67_CR1,0,45,67_AL_.jpg",53. A Wednesday (2008),8.1,,
"https://m.media-amazon.com/images/M/MV5BMzQ4MTBlYTQtMzJkYS00OGNjLTk1MWYtNzQ0OTQ0OWEyOWU1XkEyXkFqcGdeQXVyNDgyODgxNjE@._V1_UY67_CR1,0,45,67_AL_.jpg",54. Munna Bhai M.B.B.S. (2003),8.1,,
"https://m.media-amazon.com/images/M/MV5BYmQxNmU4ZjgtYzE5Mi00ZDlhLTlhOTctMzJkNjk2ZGUyZGEwXkEyXkFqcGdeQXVyMzgxMDA0Nzk@._V1_UY67_CR1,0,45,67_AL_.jpg",55. Tumbbad (2018),8.1,,
"https://m.media-amazon.com/images/M/MV5BNzgxMzExMzUwNV5BMl5BanBnXkFtZTcwMDc2MjUwNA@@._V1_UY67_CR0,0,45,67_AL_.jpg",56. Udaan (2010),8.1,,
"https://m.media-amazon.com/images/M/MV5BZTIwYzRjMGYtZWQ0Ni00NDZhLThhZDYtOGViZGJiZTkwMzk2XkEyXkFqcGdeQXVyODE5NzE3OTE@._V1_UY67_CR2,0,45,67_AL_.jpg",57. Andaz Apna Apna (1994),8.1,,
"https://m.media-amazon.com/images/M/MV5BNWYzYjk3YzItNzBhMC00NmQwLTk0MmUtNzU5MWNmNDI2Mzg0XkEyXkFqcGdeQXVyODE0NjUxNzY@._V1_UY67_CR2,0,45,67_AL_.jpg",58. Ustad Hotel (2012),8.1,,
"https://m.media-amazon.com/images/M/MV5BNzA2Yjg0ZmQtZWZmOC00YWZmLWIzNTktZDgyMjhjNjUyNzQ5XkEyXkFqcGdeQXVyMjAzMjcxNTE@._V1_UY67_CR1,0,45,67_AL_.jpg",59. Roja (1992),8.1,,
"https://m.media-amazon.com/images/M/MV5BYTA2NjNkYjUtMWFiYy00MjA4LTk3YTUtYjQwNTVjNjZkZDUxXkEyXkFqcGdeQXVyNTE4Mzg4MTE@._V1_UY67_CR1,0,45,67_AL_.jpg",60. Dil Chahta Hai (2001),8.1,,
"https://m.media-amazon.com/images/M/MV5BNjNhYjMzOGQtZmEyNC00ZDg4LWFhOGItOThhYzRhYzAzMjlmXkEyXkFqcGdeQXVyNjc5Mjg4Nzc@._V1_UX45_CR0,0,45,67_AL_.jpg",61. Sarfarosh (1999),8.1,,
"https://m.media-amazon.com/images/M/MV5BNTVkYzdjNGEtNTRhMC00ZjM2LWIyYjgtZjdmYmEzYjZlZTA1XkEyXkFqcGdeQXVyNDY5MTUyNjU@._V1_UY67_CR1,0,45,67_AL_.jpg",62. Anniyan (2005),8.1,,
"https://m.media-amazon.com/images/M/MV5BNGI1MTI1YTQtY2QwYi00YzUzLTg3NWYtNzExZDlhOTZmZWU0XkEyXkFqcGdeQXVyMDkwNTkwNg@@._V1_UY67_CR2,0,45,67_AL_.jpg",63. Pink (2016),8.1,,
"https://m.media-amazon.com/images/M/MV5BNDYxNWUzZmYtOGQxMC00MTdkLTkxOTctYzkyOGIwNWQxZjhmXkEyXkFqcGdeQXVyNjU0OTQ0OTY@._V1_UX45_CR0,0,45,67_AL_.jpg",64. Lagaan: Once Upon a Time in India (2001),8.1,,
"https://m.media-amazon.com/images/M/MV5BMTQ1NDI0NzkyOF5BMl5BanBnXkFtZTcwNzAyNzE2Nw@@._V1_UY67_CR0,0,45,67_AL_.jpg",65. Kahaani (2012),8.1,,
"https://m.media-amazon.com/images/M/MV5BNDA5NDAzNTAyM15BMl5BanBnXkFtZTgwMzE1MDA2MDE@._V1_UY67_CR2,0,45,67_AL_.jpg",66. Iqbal (2005),8.1,,
"https://m.media-amazon.com/images/M/MV5BMTYzOTE2NjkxN15BMl5BanBnXkFtZTgwMDgzMTg0MzE@._V1_UY67_CR0,0,45,67_AL_.jpg",67. PK (2014),8.1,,
"https://m.media-amazon.com/images/M/MV5BMzFhMThiOWItMzRjNC00YzQwLTkyZWItYmJhNzgwYzY1ODI0XkEyXkFqcGdeQXVyNTcyMzkyODg@._V1_UY67_CR0,0,45,67_AL_.jpg",68. Arjun Reddy (2017),8.1,,
"https://m.media-amazon.com/images/M/MV5BMzA4MTQ0YTQtMzc4YS00NzAzLTllY2QtM2JhYjhjYmJmYjBjXkEyXkFqcGdeQXVyMzQ5Njc3NzU@._V1_UX45_CR0,0,45,67_AL_.jpg",69. Peranbu (2018),8.1,,
"https://m.media-amazon.com/images/M/MV5BZGFmMjM5OWMtZTRiNC00ODhlLThlYTItYTcyZDMyYmMyYjFjXkEyXkFqcGdeQXVyNDUzOTQ5MjY@._V1_UY67_CR0,0,45,67_AL_.jpg",70. Zindagi Na Milegi Dobara (2011),8.1,,
"https://m.media-amazon.com/images/M/MV5BMTE2NjYzOWUtMDgyZS00NGY3LTk5ZDctODMxNGYyNjUyODIwXkEyXkFqcGdeQXVyODE5NzE3OTE@._V1_UY67_CR1,0,45,67_AL_.jpg",71. Maqbool (2003),8.1,,
"https://m.media-amazon.com/images/M/MV5BZjRiMjYwNmQtYWQ1MS00MWJhLThjNDgtNDE5NWY2Nzk3NDdjXkEyXkFqcGdeQXVyODIwMDI1NjM@._V1_UY67_CR2,0,45,67_AL_.jpg",72. Theeran Adhigaaram Ondru (2017),8.1,,
"https://m.media-amazon.com/images/M/MV5BMTU4NTE0NTMyNl5BMl5BanBnXkFtZTgwNjI5MDkxNjE@._V1_UX45_CR0,0,45,67_AL_.jpg",73. Masaan (2015),8.1,,
"https://m.media-amazon.com/images/M/MV5BOWIyZWJiY2MtYWI5OC00ZmVjLWI0YWItMDJjYzE4OTE2ZDVhXkEyXkFqcGdeQXVyODIwMDI1NjM@._V1_UX45_CR0,0,45,67_AL_.jpg",74. Baasha (1995),8.0,,
"https://m.media-amazon.com/images/M/MV5BOWJlMmY0OTAtZTc2ZC00NjU2LWExZjAtZDQyNTkwMGZmNDVhXkEyXkFqcGdeQXVyOTA0NTIzNzU@._V1_UY67_CR1,0,45,67_AL_.jpg",75. The Legend of Bhagat Singh (2002),8.0,,
"https://m.media-amazon.com/images/M/MV5BY2NmNjlhYzQtMWU5MS00YTVmLWIyOWEtOGFmY2ZjMjY2ZGRkXkEyXkFqcGdeQXVyMTMxMTY0OTQ@._V1_UX45_CR0,0,45,67_AL_.jpg",76. Omkara (2006),8.0,,
"https://m.media-amazon.com/images/M/MV5BMTQzMTEyODY2Ml5BMl5BanBnXkFtZTgwMjA0MDUyMjE@._V1_UY67_CR0,0,45,67_AL_.jpg",77. Barfi! (2012),8.0,,
"https://m.media-amazon.com/images/M/MV5BN2ZmMDMwODgtMzA5MS00MGU0LWEyYTgtYzQ5MmQzMzU2NTVkXkEyXkFqcGdeQXVyODE5NzE3OTE@._V1_UY67_CR0,0,45,67_AL_.jpg",78. Lage Raho Munna Bhai (2006),8.0,,
"https://m.media-amazon.com/images/M/MV5BMDhjNTk0M2YtYzIzMy00MWFkLWI4OWUtNTY2NDVhYWJmN2UwXkEyXkFqcGdeQXVyNzMzMjU5NDY@._V1_UX45_CR0,0,45,67_AL_.jpg",79. Bommarillu (2006),8.0,,
"https://m.media-amazon.com/images/M/MV5BMTU2MzkxODgyMF5BMl5BanBnXkFtZTcwMDk3NDgxMQ@@._V1_UY67_CR1,0,45,67_AL_.jpg",80. Bombay (1995),8.0,,
"https://m.media-amazon.com/images/M/MV5BMTU2NTYyOTA3NV5BMl5BanBnXkFtZTcwMDMyNjEzMQ@@._V1_UY67_CR0,0,45,67_AL_.jpg",81. Deewaar (1975),8.0,,
"https://m.media-amazon.com/images/M/MV5BMTQyMDA5ODkzN15BMl5BanBnXkFtZTgwMjIzMDkyMDE@._V1_UY67_CR0,0,45,67_AL_.jpg",82. Lucia (2013),8.0,,
"https://m.media-amazon.com/images/M/MV5BNzA0ODUwMzUzNV5BMl5BanBnXkFtZTgwMDA0NTQwMDE@._V1_UY67_CR0,0,45,67_AL_.jpg",83. Ugly (2013),8.0,,
"https://m.media-amazon.com/images/M/MV5BMDQ2ZmE2NTMtZDE3NC00YzFjLWJhNmEtMDEzMTI5ZjU2ZGM0XkEyXkFqcGdeQXVyNTkzNDQ4ODc@._V1_UY67_CR2,0,45,67_AL_.jpg",84. Dilwale Dulhania Le Jayenge (1995),8.0,,
"https://m.media-amazon.com/images/M/MV5BNDcyMDE0ZWUtYjI3Ny00N2U2LWEzMTAtYzE4OTEzZjgyNzQ1XkEyXkFqcGdeQXVyNjQ1MDcxNzM@._V1_UY67_CR1,0,45,67_AL_.jpg",85. Mother India (1957),8.0,,
"https://m.media-amazon.com/images/M/MV5BYTMxYjEwYjctMjg4Ni00N2UyLThkNDEtNTY4ODExNmIzYjE5XkEyXkFqcGdeQXVyODE5NzE3OTE@._V1_UY67_CR1,0,45,67_AL_.jpg",86. Gulaal (2009),8.0,,
"https://m.media-amazon.com/images/M/MV5BOGNlNmRkMjctNDgxMC00NzFhLWIzY2YtZDk3ZDE0NWZhZDBlXkEyXkFqcGdeQXVyODIwMDI1NjM@._V1_UX45_CR0,0,45,67_AL_.jpg",87. Baahubali 2: The Conclusion (2017),8.0,,
"https://m.media-amazon.com/images/M/MV5BMTI4NTM0MjE4N15BMl5BanBnXkFtZTcwODUwOTQyMQ@@._V1_UY67_CR0,0,45,67_AL_.jpg",88. Padosan (1968),8.0,,
"https://m.media-amazon.com/images/M/MV5BMjA1NTEwMDMxMF5BMl5BanBnXkFtZTgwODkzMzI0MjE@._V1_UY67_CR0,0,45,67_AL_.jpg",89. Haider (2014),8.0,,
"https://m.media-amazon.com/images/M/MV5BM2Y4ZmIxYmYtYzNlYi00OTNiLWJjMmEtNzk0ZjcyZjllMzMxXkEyXkFqcGdeQXVyNjY1NTEzNjE@._V1_UY67_CR1,0,45,67_AL_.jpg",90. Indian (1996),8.0,,
"https://m.media-amazon.com/images/M/MV5BNzk5MGE5MDgtZGMyMi00YzE5LWFhYmEtNzYxMDU3NDBlYzdmXkEyXkFqcGdeQXVyODA2ODM3NDQ@._V1_UY67_CR1,0,45,67_AL_.jpg",91. Vedam (2010),8.0,,
"https://m.media-amazon.com/images/M/MV5BYjU1NjczNzYtYmFjOC00NzkxLTg4YTUtNGYzMTk3NTU0ZDE3XkEyXkFqcGdeQXVyNDUzOTQ5MjY@._V1_UY67_CR0,0,45,67_AL_.jpg",92. Dev.D (2009),8.0,,
"https://m.media-amazon.com/images/M/MV5BYTNkMTMyMDEtZDQxYi00ZjBkLTkyYzYtYzdjY2JmYmRmMjBiXkEyXkFqcGdeQXVyNjE3MDAwMDk@._V1_UY67_CR1,0,45,67_AL_.jpg",93. Athadu (2005),8.0,,
"https://m.media-amazon.com/images/M/MV5BMTQ1NDI5MjMzNF5BMl5BanBnXkFtZTcwMTc0MDQwOQ@@._V1_UY67_CR0,0,45,67_AL_.jpg",94. Special 26 (2013),8.0,,
"https://m.media-amazon.com/images/M/MV5BMGRkNDJlZmEtZGNhNi00OTRhLWE5NDUtYmMwNGZjMzU0MDk5XkEyXkFqcGdeQXVyNjQ2MjQ5NzM@._V1_UY67_CR0,0,45,67_AL_.jpg",95. Company (2002),7.9,,
"https://m.media-amazon.com/images/M/MV5BNzdhNWYwMGUtOGRjYS00ODg4LWE2NTktNzJhMGZhNGQyYzA5XkEyXkFqcGdeQXVyODE5NzE3OTE@._V1_UX45_CR0,0,45,67_AL_.jpg",96. Vaastav: The Reality (1999),7.9,,
"https://m.media-amazon.com/images/M/MV5BNjZlMDdmN2YtYThmZi00NGQzLTk0ZTQtNTUyZDFmODExOGNiXkEyXkFqcGdeQXVyODE5NzE3OTE@._V1_UY67_CR0,0,45,67_AL_.jpg",97. Badhaai Ho (2018),7.9,,
"https://m.media-amazon.com/images/M/MV5BMTU5Njc1NjkxMl5BMl5BanBnXkFtZTgwNTkzNTQwMDE@._V1_UY67_CR0,0,45,67_AL_.jpg",98. Ship of Theseus (2012),7.9,,
"https://m.media-amazon.com/images/M/MV5BMjE1NjQ5ODc2NV5BMl5BanBnXkFtZTgwOTM5ODIxNjE@._V1_UY67_CR1,0,45,67_AL_.jpg",99. Bajrangi Bhaijaan (2015),7.9,,
"https://m.media-amazon.com/images/M/MV5BODdlZTZlZTktNTYyZC00ODQ1LWE5MjYtYjc1YTQwODRlNzI5XkEyXkFqcGdeQXVyODE5NzE3OTE@._V1_UY67_CR0,0,45,67_AL_.jpg",100. Manjhi: The Mountain Man (2015),7.9,,
"https://m.media-amazon.com/images/M/MV5BMTY4YjY3ZDgtYjVhZS00MWY4LTlkYmMtNGI4ZGY4YzhiZmIwXkEyXkFqcGdeQXVyODE5NzE3OTE@._V1_UY67_CR0,0,45,67_AL_.jpg",101. Ankhon Dekhi (2013),7.9,,
"https://m.media-amazon.com/images/M/MV5BNDc3MTM0ZDItZjcwMy00MmI5LTlhMTctYmQ4NjM1MDM5MTRlXkEyXkFqcGdeQXVyODk1MzE5NDA@._V1_UY67_CR4,0,45,67_AL_.jpg",102. Pizza (2012),7.9,,
"https://m.media-amazon.com/images/M/MV5BYmIzYmY4MGItM2I4YS00OWZhLWFmMzQtYzI2MWY1MmM3NGU1XkEyXkFqcGdeQXVyNjQ2MjQ5NzM@._V1_UY67_CR0,0,45,67_AL_.jpg",103. Jab We Met (2007),7.9,,
"https://m.media-amazon.com/images/M/MV5BNDIwMDYxY2UtM2NhYy00NzkwLThhNDYtY2IxZGZhNjYyNmM2XkEyXkFqcGdeQXVyNDY5MTUyNjU@._V1_UY67_CR2,0,45,67_AL_.jpg",104. K.G.F: Chapter 1 (2018),7.9,,
"https://m.media-amazon.com/images/M/MV5BODViYjQ0YTktMTM5NS00YTVkLWE5MmUtNGY1MzUwOGY0OTg2XkEyXkFqcGdeQXVyNjg5NzkxNTU@._V1_UY67_CR0,0,45,67_AL_.jpg",105. Padman (2018),7.9,,
"https://m.media-amazon.com/images/M/MV5BMGE1ZTkyOTMtMTdiZS00YzI2LTlmYWQtOTE5YWY0NWVlNjlmXkEyXkFqcGdeQXVyNjQ3ODkxMjE@._V1_UY67_CR0,0,45,67_AL_.jpg",106. Airlift (2016),7.9,,
"https://m.media-amazon.com/images/M/MV5BYmVjNDIxODAtNWZiZi00ZDBlLWJmOTUtNDNjMGExNTViMzE1XkEyXkFqcGdeQXVyNTE0MDc0NTM@._V1_UX45_CR0,0,45,67_AL_.jpg",107. Kal Ho Naa Ho (2003),7.9,,
"https://m.media-amazon.com/images/M/MV5BODQyNDAyMjUtYzZiYy00ZTg3LTk5NTgtYmNlMTUwM2NlMGY1XkEyXkFqcGdeQXVyODEzOTQwNTY@._V1_UY67_CR1,0,45,67_AL_.jpg",108. Hey Ram (2000),7.9,,
"https://m.media-amazon.com/images/M/MV5BYTdhNjBjZDctYTlkYy00ZGIxLWFjYTktODk5ZjNlMzI4NjI3XkEyXkFqcGdeQXVyMjY1MjkzMjE@._V1_UY67_CR0,0,45,67_AL_.jpg",109. Baby (2015),7.9,,
"https://m.media-amazon.com/images/M/MV5BMjQ1MjFkN2EtOTU4NS00NDkzLThhNzItODkzYWNjZDMxZjE0XkEyXkFqcGdeQXVyNTgxODY5ODI@._V1_UY67_CR1,0,45,67_AL_.jpg",110. Rangasthalam (2018),7.9,,
"https://m.media-amazon.com/images/M/MV5BZGVjZDdjNTEtNTk0MS00MGZhLWIwOWEtMTE4NGU0YTNlNzVlXkEyXkFqcGdeQXVyODE0NjUxNzY@._V1_UX45_CR0,0,45,67_AL_.jpg",111. Vaaranam Aayiram (2008),7.9,,
"https://m.media-amazon.com/images/M/MV5BMTUyMTA4NDYzMV5BMl5BanBnXkFtZTcwMjk5MzcxMw@@._V1_UY67_CR0,0,45,67_AL_.jpg",112. My Name Is Khan (2010),7.9,,
"https://m.media-amazon.com/images/M/MV5BM2IzMGIxMDQtNzE3OS00MGZjLTljNzgtMGE2MjAyZThmNjNhXkEyXkFqcGdeQXVyMTExNDQ2MTI@._V1_UY67_CR2,0,45,67_AL_.jpg",113. Secret Superstar (2017),7.9,,
"https://m.media-amazon.com/images/M/MV5BY2Y0NjY5ZTctZWMzNC00MDQ4LTkyMWUtOGZkMzk4NWNhYWI5XkEyXkFqcGdeQXVyODE5NzE3OTE@._V1_UY67_CR0,0,45,67_AL_.jpg",114. Lakshya (2004),7.8,,
"https://m.media-amazon.com/images/M/MV5BYWVlMjVhZWYtNWViNC00ODFkLTk1MmItYjU1MDY5ZDdhMTU3XkEyXkFqcGdeQXVyODIwMDI1NjM@._V1_UY67_CR0,0,45,67_AL_.jpg",115. Baahubali: The Beginning (2015),7.8,,
"https://m.media-amazon.com/images/M/MV5BNWYwYmExOWQtYzNkOS00NWY5LWE4NTEtYTcwY2FiYmQ0OTg5XkEyXkFqcGdeQXVyODE5NzE3OTE@._V1_UY67_CR3,0,45,67_AL_.jpg",116. Border (1997),7.8,,
"https://m.media-amazon.com/images/M/MV5BMzNkYzEyMDItNWI1OS00YjYxLTljNDUtYzZkYWFhMzdjNjg1XkEyXkFqcGdeQXVyNDUzOTQ5MjY@._V1_UY67_CR1,0,45,67_AL_.jpg",117. Ab Tak Chhappan (2004),7.8,,
"https://m.media-amazon.com/images/M/MV5BODBlMDg4NTctMGUwNC00OTIyLWFmMjYtODEwM2ViZWEwNjAyXkEyXkFqcGdeQXVyODE0NjUxNzY@._V1_UY67_CR6,0,45,67_AL_.jpg",118. Vettaiyaadu Vilaiyaadu (2006),7.8,,
"https://m.media-amazon.com/images/M/MV5BYjRjOWViZTgtYjA4Ny00MWJiLTkxYzktMzdlOGRmMWYwOTdjXkEyXkFqcGdeQXVyNDUzOTQ5MjY@._V1_UY67_CR2,0,45,67_AL_.jpg",119. Gangaajal (2003),7.8,,
"https://m.media-amazon.com/images/M/MV5BNDE4MmU1YTktMzY1OS00NWQ4LWExZmYtZjI3MzJjNGIxZTcxXkEyXkFqcGdeQXVyNDUzOTQ5MjY@._V1_UY67_CR0,0,45,67_AL_.jpg",120. Johnny Gaddaar (2007),7.8,,
"https://m.media-amazon.com/images/M/MV5BMTYzMjc3NzEzMV5BMl5BanBnXkFtZTgwNzI3NzU4MzE@._V1_UY67_CR2,0,45,67_AL_.jpg",121. Manam (2014),7.8,,
"https://m.media-amazon.com/images/M/MV5BMjQ5YWVmYmYtOWFiZC00NGMxLWEwODctZDM2MWI4YWViN2E5XkEyXkFqcGdeQXVyNjQ2MjQ5NzM@._V1_UY67_CR1,0,45,67_AL_.jpg",122. English Vinglish (2012),7.8,,
"https://m.media-amazon.com/images/M/MV5BZmJiZTIwYzktZDQyMi00OWYzLTliZDEtOTAzYmNjNjZjNTllXkEyXkFqcGdeQXVyMjMyNjkwMTY@._V1_UY67_CR1,0,45,67_AL_.jpg",123. Okkadu (2003),7.8,,
"https://m.media-amazon.com/images/M/MV5BMTc3ODUxODg3MV5BMl5BanBnXkFtZTgwMDc0MDY4MTE@._V1_UX45_CR0,0,45,67_AL_.jpg",124. Ulidavaru Kandanthe (2014),7.8,,
"https://m.media-amazon.com/images/M/MV5BMTM2NjIwODc4N15BMl5BanBnXkFtZTcwMDgwMzM4MQ@@._V1_UY67_CR0,0,45,67_AL_.jpg",125. Rock On!! (2008),7.8,,
"https://m.media-amazon.com/images/M/MV5BMTUwMzc1NjIzMV5BMl5BanBnXkFtZTgwODUyMTIxMTE@._V1_UY67_CR0,0,45,67_AL_.jpg",126. The Lunchbox (2013),7.8,,
"https://m.media-amazon.com/images/M/MV5BYTYwZjA0NmMtZWJmYy00ZTZlLWEzZTEtZGJhYTQ1NzFkNDQ3XkEyXkFqcGdeQXVyNDUzOTQ5MjY@._V1_UX45_CR0,0,45,67_AL_.jpg",127. Don (1978),7.8,,
"https://m.media-amazon.com/images/M/MV5BNjJjNjEyOTEtNDhhZi00MDM1LWExMTYtZmNjNDE1OTQ2OTE0XkEyXkFqcGdeQXVyNDUzOTQ5MjY@._V1_UY67_CR2,0,45,67_AL_.jpg",128. Mr. India (1987),7.8,,
"https://m.media-amazon.com/images/M/MV5BNGQ4MTk2NjQtYmYzMy00MWZkLWE1YTktYWVmNWU2NjNmMzlkXkEyXkFqcGdeQXVyNTE2MzU4OTA@._V1_UY67_CR0,0,45,67_AL_.jpg",129. Udta Punjab (2016),7.8,,
"https://m.media-amazon.com/images/M/MV5BY2E4NWQ4ZjEtNThlOC00NThjLThmZjgtMWU0MDgzMmYwOGU3XkEyXkFqcGdeQXVyODE5NzE3OTE@._V1_UY67_CR0,0,45,67_AL_.jpg",130. Hindi Medium (2017),7.7,,
"https://m.media-amazon.com/images/M/MV5BMGIxZGVlMzEtYjZlZS00NGRkLWEwMjUtNGEwOGUwY2ViZTA2XkEyXkFqcGdeQXVyNjY1NTEzNjE@._V1_UY67_CR1,0,45,67_AL_.jpg",131. Nayak: The Real Hero (2001),7.7,,
"https://m.media-amazon.com/images/M/MV5BZWU3ZTU2OGUtZGJlYS00Yjc5LTk0ZTctOGZkZGZmODkxYmVmXkEyXkFqcGdeQXVyNDUzOTQ5MjY@._V1_UY67_CR1,0,45,67_AL_.jpg",132. Dasvidaniya (2008),7.7,,
"https://m.media-amazon.com/images/M/MV5BYWNlODE1ZTEtOTQ5MS00N2QwLTllNjItZDQ2Y2UzMmU5YmI2XkEyXkFqcGdeQXVyODE5NzE3OTE@._V1_UY67_CR3,0,45,67_AL_.jpg",133. Vicky Donor (2012),7.7,,
"https://m.media-amazon.com/images/M/MV5BNjA1MjM2NTM3MV5BMl5BanBnXkFtZTcwODIyMjk5MQ@@._V1_UY67_CR1,0,45,67_AL_.jpg",134. Oye Lucky! Lucky Oye! (2008),7.7,,
"https://m.media-amazon.com/images/M/MV5BZmVhN2JlYjEtZWFkOS00YzE0LThiNDMtMGI3NDA1MTk2ZDQ2XkEyXkFqcGdeQXVyODE5NzE3OTE@._V1_UY67_CR0,0,45,67_AL_.jpg",135. Raazi (2018),7.7,,
"https://m.media-amazon.com/images/M/MV5BMjI5MTg2OTQyM15BMl5BanBnXkFtZTgwNTE3MjA2MDE@._V1_UY67_CR3,0,45,67_AL_.jpg",136. Mumbai Meri Jaan (2008),7.7,,
"https://m.media-amazon.com/images/M/MV5BMjAzMTkyMTQ0MF5BMl5BanBnXkFtZTcwMjIxNjA0MQ@@._V1_UY67_CR1,0,45,67_AL_.jpg",137. Guru (2007),7.7,,
"https://m.media-amazon.com/images/M/MV5BMTY2NTY0OTQzOV5BMl5BanBnXkFtZTcwNTQxNDMzMQ@@._V1_UY67_CR1,0,45,67_AL_.jpg",138. Samsara (2001),7.7,,
"https://m.media-amazon.com/images/M/MV5BNmI0ZjU4MmItNWQyMS00NDNiLTlhMzctZjIyZDBiOTdlM2FiXkEyXkFqcGdeQXVyNjE2NTgxOTE@._V1_UY67_CR5,0,45,67_AL_.jpg",139. Pokiri (2006),7.7,,
"https://m.media-amazon.com/images/M/MV5BY2VlOTc4ZjctYjVlMS00NDYwLWEwZjctZmYzZmVkNGU5NjNjXkEyXkFqcGdeQXVyODE5NzE3OTE@._V1_UY67_CR1,0,45,67_AL_.jpg",140. Veer-Zaara (2004),7.7,,
"https://m.media-amazon.com/images/M/MV5BNDE4YmFkMzItMWIwMy00MTFmLTkxNjAtMGQxZjg5MjNhMmJkXkEyXkFqcGdeQXVyNTM0NTU5Mg@@._V1_UY67_CR0,0,45,67_AL_.jpg",141. Earth (1998),7.7,,
"https://m.media-amazon.com/images/M/MV5BMmZhMzVlNzEtMjQ3ZS00ZGJlLTk4N2YtMDIyNDNmZThhMGVmXkEyXkFqcGdeQXVyMzIyNDI4NjU@._V1_UY67_CR0,0,45,67_AL_.jpg",142. Charlie (2015),7.7,,
"https://m.media-amazon.com/images/M/MV5BMGE3MzQ4YzYtNjU4My00ZjYxLTg2ZmYtMTg5OTU0N2QwYTc0XkEyXkFqcGdeQXVyODE5NzE3OTE@._V1_UY67_CR0,0,45,67_AL_.jpg",143. Aamir (2008),7.7,,
"https://m.media-amazon.com/images/M/MV5BMjE4NDk4MTIwNl5BMl5BanBnXkFtZTgwNDEwODI5NzE@._V1_UY67_CR1,0,45,67_AL_.jpg",144. Kapoor & Sons (2016),7.7,,
"https://m.media-amazon.com/images/M/MV5BMTAzNjAwNDEwMTNeQTJeQWpwZ15BbWU4MDk5MjMyMzYx._V1_UY67_CR0,0,45,67_AL_.jpg",145. RangiTaranga (2015),7.7,,
"https://m.media-amazon.com/images/M/MV5BMjE2NDA0ODgyMF5BMl5BanBnXkFtZTgwMTk4MTI5NTE@._V1_UY67_CR2,0,45,67_AL_.jpg",146. Agneepath (1990),7.7,,
"https://m.media-amazon.com/images/M/MV5BMDk4Y2Q2MmUtYjE1YS00NjEwLTg0ZGYtOGJkZjUzOTllYzA0L2ltYWdlXkEyXkFqcGdeQXVyNzA0MTg0MzE@._V1_UY67_CR0,0,45,67_AL_.jpg",147. Newton (2017),7.7,,
"https://m.media-amazon.com/images/M/MV5BNzhiN2YzZDYtYjQzMy00YTVkLTk4OTItYTQ0ODllMGM5NjA1XkEyXkFqcGdeQXVyMzU0ODc1MTQ@._V1_UX45_CR0,0,45,67_AL_.jpg",148. Eega (2012),7.7,,
"https://m.media-amazon.com/images/M/MV5BOGNjN2M4MDItMzc3YS00ZjdiLTlhMDMtYjk0OWQzMzc1ZjRiXkEyXkFqcGdeQXVyNDUzOTQ5MjY@._V1_UY67_CR1,0,45,67_AL_.jpg",149. Manorama Six Feet Under (2007),7.7,,
"https://m.media-amazon.com/images/M/MV5BNDI4MmJkM2ItYjZjMC00MzYxLWIwZWEtYzE5YWZhYmExM2I5XkEyXkFqcGdeQXVyODE5NzE3OTE@._V1_UY67_CR0,0,45,67_AL_.jpg",150. Pyaar Ka Punchnama (2011),7.7,,
"https://m.media-amazon.com/images/M/MV5BZDhjM2E0OWMtOTA0Yy00NTNhLWEwNTEtZjhkNjNmNTdiZDA2XkEyXkFqcGdeQXVyODE5NzE3OTE@._V1_UY67_CR0,0,45,67_AL_.jpg",151. Neerja (2016),7.7,,
"https://m.media-amazon.com/images/M/MV5BMjI3NTM1NzMyNF5BMl5BanBnXkFtZTgwOTE4NTgzNTM@._V1_UY67_CR1,0,45,67_AL_.jpg",152. Sanju (2018),7.6,,
"https://m.media-amazon.com/images/M/MV5BMTg1MzU5ODM4Nl5BMl5BanBnXkFtZTcwOTQ3MTM5OQ@@._V1_UY67_CR0,0,45,67_AL_.jpg",153. Madras Cafe (2013),7.6,,
"https://m.media-amazon.com/images/M/MV5BZTYwNGU2YzQtMDRjNS00MjlmLTk1MDEtMjBmYWQ3ZjY0NWRjXkEyXkFqcGdeQXVyNjQ2MjQ5NzM@._V1_UY67_CR2,0,45,67_AL_.jpg",154. Sarkar (2005),7.6,,
"https://m.media-amazon.com/images/M/MV5BOWQwNWRlNmUtY2FkZC00YmQ3LTlkNzUtOTUyZmExMDNkYjE2XkEyXkFqcGdeQXVyNTgxODY5ODI@._V1_UX45_CR0,0,45,67_AL_.jpg",155. Goodachari (2018),7.6,,
"https://m.media-amazon.com/images/M/MV5BYmFjYTRmMzctNWU5YS00MjY2LTg4Y2EtZDZkMWI0YjIzMjVlXkEyXkFqcGdeQXVyODE5NzE3OTE@._V1_UY67_CR1,0,45,67_AL_.jpg",156. Kabhi Haan Kabhi Naa (1994),7.6,,
"https://m.media-amazon.com/images/M/MV5BMjk4NGZiMzAtODU1NS00MmQ4LWJiNmQtNWU5ZWU4Y2VmNWI0XkEyXkFqcGdeQXVyODE5NzE3OTE@._V1_UY67_CR0,0,45,67_AL_.jpg",157. Stree (2018),7.6,,
"https://m.media-amazon.com/images/M/MV5BYTczYzgzNmUtZDBkOC00Mjg5LThmOWQtYjYzNjFjNzlhYmEyXkEyXkFqcGdeQXVyNTkzNDQ4ODc@._V1_UY67_CR2,0,45,67_AL_.jpg",158. Darr (1993),7.6,,
"https://m.media-amazon.com/images/M/MV5BODUzZmQ0YjMtZjVhYi00ODc1LWJjNWQtY2JjM2RmM2ZmMmI2XkEyXkFqcGdeQXVyODE5NzE3OTE@._V1_UY67_CR1,0,45,67_AL_.jpg",159. Bheja Fry (2007),7.6,,
"https://m.media-amazon.com/images/M/MV5BMjMwMTExMjA1OV5BMl5BanBnXkFtZTgwNDI5MTcyNjE@._V1_UY67_CR0,0,45,67_AL_.jpg",160. Tanu Weds Manu Returns (2015),7.6,,
"https://m.media-amazon.com/images/M/MV5BYjBkNjUzYmEtZDJiNi00ZTM1LWI4NzUtNWZiYTc2N2FhNTBhXkEyXkFqcGdeQXVyMjYwMDk5NjE@._V1_UX45_CR0,0,45,67_AL_.jpg",161. 24 (2016),7.6,,
"https://m.media-amazon.com/images/M/MV5BOTc3NzAxMjg4M15BMl5BanBnXkFtZTcwMDc2ODQwNw@@._V1_UY67_CR2,0,45,67_AL_.jpg",162. Rockstar (2011),7.6,,
"https://m.media-amazon.com/images/M/MV5BMTgwNTAwMjEzMF5BMl5BanBnXkFtZTcwNzMzODY4OA@@._V1._CR10,12.166671752929688,793,1053.000015258789_UY67_CR2,0,45,67_AL_.jpg",163. Kai po che! (2013),7.6,,
"https://m.media-amazon.com/images/M/MV5BNGNhNWMwNTgtZmNlOS00OGM3LWIxYzItOWQwZDJjMzQ3MzRlXkEyXkFqcGdeQXVyODE5NzE3OTE@._V1_UY67_CR1,0,45,67_AL_.jpg",164. Kuch Kuch Hota Hai (1998),7.6,,
"https://m.media-amazon.com/images/M/MV5BZTY1ZjRjMzYtN2UwNi00YjA0LWI2OTktNGNiYTg1NjQ0ZTZiXkEyXkFqcGdeQXVyNjQ1MDcxNzM@._V1_UX45_CR0,0,45,67_AL_.jpg",165. Magadheera (2009),7.6,,
"https://m.media-amazon.com/images/M/MV5BMTc3OTE1MDAxNV5BMl5BanBnXkFtZTgwNjM1NDk5NTE@._V1_UY67_CR2,0,45,67_AL_.jpg",166. Baazigar (1993),7.6,,
"https://m.media-amazon.com/images/M/MV5BMjE5NjkyNTczM15BMl5BanBnXkFtZTgwNDg4MzE5MDE@._V1_UY67_CR0,0,45,67_AL_.jpg",167. Highway (2014),7.6,,
"https://m.media-amazon.com/images/M/MV5BYjhiZmZjYTAtY2M4Zi00YWMzLTg0YTctZjVhOTc0MjhkYTRhXkEyXkFqcGdeQXVyODE5NzE3OTE@._V1_UY67_CR0,0,45,67_AL_.jpg",168. Ek Hasina Thi (2004),7.6,,
"https://m.media-amazon.com/images/M/MV5BMDVhMTMyNzgtZDhkMS00MmEzLTkwNzgtN2U3ZTIzNDFlYmZmXkEyXkFqcGdeQXVyNDY5MTUyNjU@._V1_UY67_CR1,0,45,67_AL_.jpg",169. Saala Khadoos (2016),7.6,,
"https://m.media-amazon.com/images/M/MV5BZjAzZjZiMmQtMDZmOC00NjVmLTkyNTItOGI2Mzg4NTBhZTA1XkEyXkFqcGdeQXVyODE5NzE3OTE@._V1_UY67_CR0,0,45,67_AL_.jpg",170. M.S. Dhoni: The Untold Story (2016),7.6,,
"https://m.media-amazon.com/images/M/MV5BMDc1ZDBkODMtYjI0MC00NDcyLWFhMGUtYzM4NDQyMzgyYzg1XkEyXkFqcGdeQXVyODE5NzE3OTE@._V1_UY67_CR0,0,45,67_AL_.jpg",171. Wake Up Sid (2009),7.6,,
"https://m.media-amazon.com/images/M/MV5BMDNjZjkyNjQtNWMyMC00ODA5LTgyODctOGRiOWUwYTAzOWVjXkEyXkFqcGdeQXVyODE5NzE3OTE@._V1_UY67_CR1,0,45,67_AL_.jpg",172. Parmanu: The Story of Pokhran (2018),7.6,,
"https://m.media-amazon.com/images/M/MV5BMTI1ODQ2MDIxMl5BMl5BanBnXkFtZTcwNTc3Mzk1MQ@@._V1_UY67_CR0,0,45,67_AL_.jpg",173. Jodhaa Akbar (2008),7.6,,
"https://m.media-amazon.com/images/M/MV5BNWFjNGIxYWUtZDFmNy00NzRkLThkYWItZjBiNTJlNGE3MTA0XkEyXkFqcGdeQXVyODE0NjUxNzY@._V1_UY67_CR1,0,45,67_AL_.jpg",174. Dil Se.. (1998),7.6,,
"https://m.media-amazon.com/images/M/MV5BYzg1N2I3MmItZDYwNy00NDg4LWI2YzYtZWMwMDE4MGY5MzRjXkEyXkFqcGdeQXVyOTAyNjM1MTc@._V1_UX45_CR0,0,45,67_AL_.jpg",175. Kaththi (2014),7.5,,
"https://m.media-amazon.com/images/M/MV5BMTUwOTMxNjc2OV5BMl5BanBnXkFtZTgwODQ4OTMxNTE@._V1_UY67_CR2,0,45,67_AL_.jpg",176. Piku (2015),7.5,,
"https://m.media-amazon.com/images/M/MV5BY2QxMGM4Y2QtMGFmMy00ZjZkLWExMWQtNTY1Yjc0MDFjZjY0XkEyXkFqcGdeQXVyNTE0MDc0NTM@._V1_UY67_CR0,0,45,67_AL_.jpg",177. Devdas (2002),7.5,,
"https://m.media-amazon.com/images/M/MV5BZjJmOTNjNDgtY2E3ZC00OTRmLTlmYWItNjRkMzQ4NzZlY2M2XkEyXkFqcGdeQXVyODE5NzE3OTE@._V1_UY67_CR0,0,45,67_AL_.jpg",178. Delhi Belly (2011),7.5,,
"https://m.media-amazon.com/images/M/MV5BZjQxYjVkYzQtMmEzNy00MzM1LWE4OTUtZTc0NTdkMjBiOGZiXkEyXkFqcGdeQXVyODE0NjUxNzY@._V1_UX45_CR0,0,45,67_AL_.jpg",179. Thuppakki (2012),7.5,,
"https://m.media-amazon.com/images/M/MV5BMzAxODFhMzItZjI1OS00MmI0LThhNGItYzU5NWM2ZGM4ZDIyXkEyXkFqcGdeQXVyODE5NzE3OTE@._V1_UY67_CR1,0,45,67_AL_.jpg",180. Aankhen (2002),7.5,,
"https://m.media-amazon.com/images/M/MV5BMjE2MDgyOTgzN15BMl5BanBnXkFtZTgwNzY2NTYyNTM@._V1_UY67_CR2,0,45,67_AL_.jpg",181. Detective Byomkesh Bakshy! (2015),7.5,,
"https://m.media-amazon.com/images/M/MV5BN2MzYWI2OGQtNzgxNi00ZjNiLWI1NTQtZWUyNWNiZDEyODFmXkEyXkFqcGdeQXVyODE5NzE3OTE@._V1_UY67_CR0,0,45,67_AL_.jpg",182. Raanjhanaa (2013),7.5,,
"https://m.media-amazon.com/images/M/MV5BZWEyODZmNWQtNDA0Mi00ZDZlLTkzMzYtNGRlOTNkNmIwMjIxXkEyXkFqcGdeQXVyMzc5Nzk1NDY@._V1_UY67_CR1,0,45,67_AL_.jpg",183. 1 - Nenokkadine (2014),7.5,,
"https://m.media-amazon.com/images/M/MV5BZDAwM2E2YmEtN2I3Zi00NmY5LTkxNTAtODVmNmM4MmY2YTFjXkEyXkFqcGdeQXVyODE5NzE3OTE@._V1_UY67_CR0,0,45,67_AL_.jpg",184. Qayamat Se Qayamat Tak (1988),7.5,,
"https://m.media-amazon.com/images/M/MV5BNGZhNjljZmYtODZmZi00NmQ2LThlOTktNjE0ZjRlYmFlZTMzXkEyXkFqcGdeQXVyNTczMTc5MQ@@._V1_UY67_CR0,0,45,67_AL_.jpg",185. Trapped (2016),7.5,,
"https://m.media-amazon.com/images/M/MV5BNDdhYjZiNjYtZmNhZS00NWFiLWFlNzgtNzRkMTU4ZWUwNTE4XkEyXkFqcGdeQXVyNTkzNDQ4ODc@._V1_UY67_CR2,0,45,67_AL_.jpg",186. Rocket Singh: Salesman of the Year (2009),7.5,,
"https://m.media-amazon.com/images/M/MV5BN2NhOGZlNzYtYmYxMS00YTk1LTk2MDItNjI3MDVlZTRkZDYwXkEyXkFqcGdeQXVyODE5NzE3OTE@._V1_UY67_CR1,0,45,67_AL_.jpg",187. Khakee (2004),7.5,,
"https://m.media-amazon.com/images/M/MV5BNjJjODRlNTctM2IxYS00ZGQ4LTg2ZTItMTFiOTJkM2EyNmY4L2ltYWdlXkEyXkFqcGdeQXVyNjQ2MjQ5NzM@._V1_UY67_CR1,0,45,67_AL_.jpg",188. The Ghazi Attack (2017),7.5,,
"https://m.media-amazon.com/images/M/MV5BMGIxNDlkNTUtODdmNi00YzMzLTlhNjAtNTdjOTM5YjlkNmNmXkEyXkFqcGdeQXVyODE5NzE3OTE@._V1_UY67_CR0,0,45,67_AL_.jpg",189. Hungama (2003),7.5,,
"https://m.media-amazon.com/images/M/MV5BY2MyNDc3NjYtNDI0MS00ZDgwLWExN2ItYzBjODFkY2QwMmZhXkEyXkFqcGdeQXVyODE5NzE3OTE@._V1_UX45_CR0,0,45,67_AL_.jpg",190. Amar Akbar Anthony (1977),7.5,,
"https://m.media-amazon.com/images/M/MV5BZmVjOTY1NjUtMjVkYS00YjE4LTk5N2YtMWU2MTA4NmJjM2I1XkEyXkFqcGdeQXVyOTk3NTc2MzE@._V1_UY67_CR2,0,45,67_AL_.jpg",191. Rehnaa Hai Terre Dil Mein (2001),7.5,,
"https://m.media-amazon.com/images/M/MV5BZWI5ZWMxN2QtNjJmNS00M2EwLTg3ZmUtYzI5ODY3MWM2MzM1XkEyXkFqcGdeQXVyNDk3Mzg2OTc@._V1_UY67_CR1,0,45,67_AL_.jpg",192. Hum Dil De Chuke Sanam (1999),7.5,,
"https://m.media-amazon.com/images/M/MV5BOTg3MWRjODQtMzg1Mi00NjkzLThlYzMtNTNkOWQwODc2ZDI3XkEyXkFqcGdeQXVyODk4ODEyMjk@._V1_UY67_CR3,0,45,67_AL_.jpg",193. Rangeela (1995),7.5,,
"https://m.media-amazon.com/images/M/MV5BZjc0ODAwMmItMmQwMy00MmRmLThjOGYtZGEwYjQ2ZjcyYzA3XkEyXkFqcGdeQXVyODE5NzE3OTE@._V1_UY67_CR0,0,45,67_AL_.jpg",194. Hum Aapke Hain Koun...! (1994),7.5,,
"https://m.media-amazon.com/images/M/MV5BNTY2ZTU2ZDQtOGViNC00YjA5LWJjNDAtNWFhOGYyMTQyZjFkXkEyXkFqcGdeQXVyNjQ2MjQ5NzM@._V1_UY67_CR3,0,45,67_AL_.jpg",195. Socha Na Tha (2005),7.5,,
"https://m.media-amazon.com/images/M/MV5BNDUxYTFiODktNDI5NC00YmI1LThiMWUtN2FjYTU2ZTQ5ODQ1XkEyXkFqcGdeQXVyODE5NzE3OTE@._V1_UY67_CR0,0,45,67_AL_.jpg",196. Jaane Tu... Ya Jaane Na (2008),7.5,,
"https://m.media-amazon.com/images/M/MV5BY2MyOTA2MjUtZmI5Ny00MmU0LTk4ZTUtYmU1ZDA1NTBkODRjXkEyXkFqcGdeQXVyOTA3MTc1OTg@._V1_UY67_CR2,0,45,67_AL_.jpg",197. Ghilli (2004),7.5,,
"https://m.media-amazon.com/images/M/MV5BZDFjODM0NDAtNGJkZC00NmRiLWI3NmYtZDFkYmRhYmE4Zjk3XkEyXkFqcGdeQXVyNTIwODMzNjc@._V1_UY67_CR0,0,45,67_AL_.jpg",198. Madaari (2016),7.5,,
"https://m.media-amazon.com/images/M/MV5BZGMxMzNlNjgtYTBhNS00YjIxLThiZjAtOTgxZjFmMzZlZTJjXkEyXkFqcGdeQXVyODE0NjUxNzY@._V1_UY67_CR1,0,45,67_AL_.jpg",199. Ghajini (2005),7.5,,
"https://m.media-amazon.com/images/M/MV5BMTU4NDY2NjgxOV5BMl5BanBnXkFtZTgwMjk2NTYyNTM@._V1_UY67_CR2,0,45,67_AL_.jpg",200. Dum Laga Ke Haisha (2015),7.5,,
"https://m.media-amazon.com/images/M/MV5BNTM5NjZmMTgtMDEwMi00ZTc3LWIwOTItY2I2NjBiYmZlNzRjXkEyXkFqcGdeQXVyODE5NzE3OTE@._V1_UY67_CR3,0,45,67_AL_.jpg",201. October (2018),7.4,,
"https://m.media-amazon.com/images/M/MV5BNWI1NmY1ODQtZjgwYS00ZmJhLTgwZWItMTYyODRhNDc2OTZiXkEyXkFqcGdeQXVyODIwMDI1NjM@._V1_UY67_CR2,0,45,67_AL_.jpg",202. Petta (2019),7.4,,
"https://m.media-amazon.com/images/M/MV5BZDdjYzYxMGEtOWQ0Yi00ZTlhLThhZTgtNjhjNWQ1YzU1ZGNiXkEyXkFqcGdeQXVyODE5NzE3OTE@._V1_UY67_CR2,0,45,67_AL_.jpg",203. Jolly LLB (2013),7.4,,
"https://m.media-amazon.com/images/M/MV5BMTJiYmU2NWUtOGM3Yi00NDJkLWFkNjktNzlhZWJlNmYxMDBlXkEyXkFqcGdeQXVyODE5NzE3OTE@._V1_UY67_CR0,0,45,67_AL_.jpg",204. Chillar Party (2011),7.4,,
"https://m.media-amazon.com/images/M/MV5BODFkMDRjMWQtNDllMC00NjMwLWFlYzQtMWY5YWFkM2Y1NzhlXkEyXkFqcGdeQXVyNzkxOTEyMjI@._V1_UY67_CR1,0,45,67_AL_.jpg",205. Shaadi Mein Zaroor Aana (2017),7.4,,
"https://m.media-amazon.com/images/M/MV5BZDgwZTAxODAtY2JmYy00YzE2LWJlN2EtYzMyMDUyOGFmNzI0XkEyXkFqcGdeQXVyNTgxODY5ODI@._V1_UY67_CR2,0,45,67_AL_.jpg",206. Geetha Govindam (2018),7.4,,
"https://m.media-amazon.com/images/M/MV5BZTU4NmJkNWEtNmM0ZC00NDkyLThkZDYtZTVkNTQxMTNhOTlhXkEyXkFqcGdeQXVyODE5NzE3OTE@._V1_UY67_CR0,0,45,67_AL_.jpg",207. Peepli (Live) (2010),7.4,,
"https://m.media-amazon.com/images/M/MV5BYThmNTMwZDYtZWFiYi00MGI4LTk0NzUtMzc2Njc2MmRhOGE2XkEyXkFqcGdeQXVyODE5NzE3OTE@._V1_UY67_CR4,0,45,67_AL_.jpg",208. Bareilly Ki Barfi (2017),7.4,,
"https://m.media-amazon.com/images/M/MV5BMjA2NTEyODY4Ml5BMl5BanBnXkFtZTcwOTk2ODgzMQ@@._V1_UY67_CR1,0,45,67_AL_.jpg",209. Baghban (2003),7.4,,
"https://m.media-amazon.com/images/M/MV5BYjNkMzQ0MzEtN2FjMy00MWZjLWE4NmMtOGM5OWVmNDMxYmI4XkEyXkFqcGdeQXVyMjYwMDk5NjE@._V1_UY67_CR3,0,45,67_AL_.jpg",210. Sivaji (2007),7.4,,
"https://m.media-amazon.com/images/M/MV5BMDNkZTVjYWMtZGJjNS00YTM5LWI1YmMtYmY0ZDFlOWNlZjFmXkEyXkFqcGdeQXVyMTkzOTcxOTg@._V1_UY67_CR1,0,45,67_AL_.jpg",211. Hichki (2018),7.4,,
"https://m.media-amazon.com/images/M/MV5BZjc5NGExODktNjE3MC00OGJiLWE1NzItNzI1MzU5ODBjNWVkXkEyXkFqcGdeQXVyODE5NzE3OTE@._V1_UY67_CR0,0,45,67_AL_.jpg",212. Kabhi Khushi Kabhie Gham... (2001),7.4,,
"https://m.media-amazon.com/images/M/MV5BMmIzOWY5NjMtOTNhOC00YzQxLTk2OTYtNzFkNTE4NGQzZmFmXkEyXkFqcGdeQXVyODE5NzE3OTE@._V1_UY67_CR0,0,45,67_AL_.jpg",213. Badlapur (2015),7.4,,
"https://m.media-amazon.com/images/M/MV5BYjYxZjc1YmMtNTIyOS00OGUyLWI5MTYtOWZiNzc5Yzc4MDBhXkEyXkFqcGdeQXVyODE5NzE3OTE@._V1_UY67_CR1,0,45,67_AL_.jpg",214. Karwaan (2018),7.4,,
"https://m.media-amazon.com/images/M/MV5BYTBmNjVjODctYjEwNC00NjBkLWIyMmItYzI3YzExMjM2Y2Q0XkEyXkFqcGdeQXVyODEzOTQwNTY@._V1_UY67_CR2,0,45,67_AL_.jpg",215. Chachi 420 (1997),7.4,,
"https://m.media-amazon.com/images/M/MV5BMTMzMzIzOTQwOF5BMl5BanBnXkFtZTcwMTI2MTYxNA@@._V1_UY67_CR0,0,45,67_AL_.jpg",216. Guzaarish (2010),7.4,,
"https://m.media-amazon.com/images/M/MV5BZWQzYWI3ZGMtYzgyYy00OWZkLWEwODYtNGNiMTZhODBkNzUyL2ltYWdlL2ltYWdlXkEyXkFqcGdeQXVyNjY1MTg4Mzc@._V1_UY67_CR2,0,45,67_AL_.jpg",217. Dear Zindagi (2016),7.4,,
"https://m.media-amazon.com/images/M/MV5BNmRjN2E2MTUtMmVkNC00MzEzLTkzODgtZTM0NzI0ZDJkM2YyXkEyXkFqcGdeQXVyODIwMDI1NjM@._V1_UX45_CR0,0,45,67_AL_.jpg",218. Mankatha (2011),7.4,,
"https://m.media-amazon.com/images/M/MV5BNWQzMTQ4ZTYtNzJkMi00OWE5LWEwYjctMTRkY2FhYTJmZWZhXkEyXkFqcGdeQXVyODE5NzE3OTE@._V1_UY67_CR0,0,45,67_AL_.jpg",219. Once Upon a Time in Mumbaai (2010),7.4,,
"https://m.media-amazon.com/images/M/MV5BYThmMzU2OGMtYjY4OC00ZmQ2LTk5OWQtYzUyMjFmZTNiOWQwXkEyXkFqcGdeQXVyOTA0NTIzNzU@._V1_UY67_CR1,0,45,67_AL_.jpg",220. Yuva (2004),7.4,,
"https://m.media-amazon.com/images/M/MV5BYmE3YmNiM2YtM2MxMi00ZDhmLTk1ZTQtODdjOWY4YjVkYThmXkEyXkFqcGdeQXVyNDUzOTQ5MjY@._V1_UY67_CR2,0,45,67_AL_.jpg",221. Golmaal: Fun Unlimited (2006),7.4,,
"https://m.media-amazon.com/images/M/MV5BMTM2MTQ4NTY1Nl5BMl5BanBnXkFtZTcwMDI3NTU2Mg@@._V1_UY67_CR0,0,45,67_AL_.jpg",222. Kaminey (2009),7.4,,
"https://m.media-amazon.com/images/M/MV5BNmVmMTEwMzQtMDNkNC00M2U5LWE5M2EtODM0NTM5NGU2OTQ2XkEyXkFqcGdeQXVyODE5NzE3OTE@._V1_UY67_CR1,0,45,67_AL_.jpg",223. Life in a Metro (2007),7.4,,
"https://m.media-amazon.com/images/M/MV5BZWMzMDJhMjgtZjk2NS00ZDM4LThmOGMtOTQzYWU3N2Y4Y2M2XkEyXkFqcGdeQXVyNjQ2MjQ5NzM@._V1_UY67_CR0,0,45,67_AL_.jpg",224. Monsoon Wedding (2001),7.4,,
"https://m.media-amazon.com/images/M/MV5BMGVjOGNjYWItY2QwYS00YzFiLTlkZDItZWUyNTAyN2Y0MTIyXkEyXkFqcGdeQXVyNjc5Mjg4Nzc@._V1_UX45_CR0,0,45,67_AL_.jpg",225. Khiladi (1992),7.3,,
"https://m.media-amazon.com/images/M/MV5BN2NlMmUyZWUtZmI5Yy00YWM3LTkxYzgtM2ZiOTMwNTc5ZDg0XkEyXkFqcGdeQXVyNjcyNjMzMjQ@._V1_UY67_CR0,0,45,67_AL_.jpg",226. Raid (2018),7.3,,
"https://m.media-amazon.com/images/M/MV5BMTY1NDUxNTU5MF5BMl5BanBnXkFtZTcwOTIxMTg4Mw@@._V1_UY67_CR2,0,45,67_AL_.jpg",227. Page 3 (2005),7.3,,
"https://m.media-amazon.com/images/M/MV5BOWM1NWEwY2ItYTc1OC00ZmFkLThmM2UtZjc4ZWZhYjliMjBkXkEyXkFqcGdeQXVyNjc5Mjg4Nzc@._V1_UX45_CR0,0,45,67_AL_.jpg",228. Ghulam (1998),7.3,,
"https://m.media-amazon.com/images/M/MV5BOGNiMWU0NjgtNjIyMy00ZGRkLTkyNTMtMzRlNDY0YTNjZWI4XkEyXkFqcGdeQXVyMzc5Nzk1NDY@._V1_UY67_CR0,0,45,67_AL_.jpg",229. Khaleja (2010),7.3,,
"https://m.media-amazon.com/images/M/MV5BZDQ5NzAwYWItODVkYS00NzI5LWE3M2ItNTRjNDAyMzdjYjIzXkEyXkFqcGdeQXVyNjQ1MDcxNzM@._V1_UY67_CR1,0,45,67_AL_.jpg",230. Maine Pyar Kiya (1989),7.3,,
"https://m.media-amazon.com/images/M/MV5BNGQ2ODllYWEtNGY2MC00OTFjLTk2MTUtZWJjZGQwZmM4YjA4XkEyXkFqcGdeQXVyNTgxODY5ODI@._V1_UY67_CR1,0,45,67_AL_.jpg",231. Bharat Ane Nenu (2018),7.3,,
"https://m.media-amazon.com/images/M/MV5BNTc1Y2EyOWUtNWExMi00OGNkLTkxOGQtNDY0YzYxNTA0OWUxXkEyXkFqcGdeQXVyODE5NzE3OTE@._V1_UY67_CR0,0,45,67_AL_.jpg",232. Ishqiya (2010),7.3,,
"https://m.media-amazon.com/images/M/MV5BMjU4N2ZlYTktNTFlNy00OGZmLWEwZWQtZDllMjk1MzhiZDEzXkEyXkFqcGdeQXVyODE0NjUxNzY@._V1_UY67_CR3,0,45,67_AL_.jpg",233. Ghajini (2008),7.3,,
"https://m.media-amazon.com/images/M/MV5BNzExOGY1ODktNmJmNy00ZGU2LTkzMTYtZDY4ODI2NTFhMjMzXkEyXkFqcGdeQXVyNDU5MzA2NzI@._V1_UY67_CR0,0,45,67_AL_.jpg",234. Raman Raghav 2.0 (2016),7.3,,
"https://m.media-amazon.com/images/M/MV5BNWQxMDUyOGQtZTg1Yy00NTU2LTgxOGYtMzQ0M2Y5MWZmNGNmXkEyXkFqcGdeQXVyMjMyNjkwMTY@._V1_UY67_CR1,0,45,67_AL_.jpg",235. Srimanthudu (2015),7.3,,
"https://m.media-amazon.com/images/M/MV5BOTUwNTYyMzk4Ml5BMl5BanBnXkFtZTcwMTY2Mzc4OQ@@._V1_UX45_CR0,0,45,67_AL_.jpg",236. Lootera (2013),7.3,,
"https://m.media-amazon.com/images/M/MV5BN2Q1ODU2NzQtMDE4Mi00M2ViLTg5NmItYWNlMzBmMDdjNGY0XkEyXkFqcGdeQXVyODE5NzE3OTE@._V1_UY67_CR0,0,45,67_AL_.jpg",237. Bhool Bhulaiyaa (2007),7.3,,
"https://m.media-amazon.com/images/M/MV5BODY3OTc4ZTItZjE2Mi00Y2I0LWFiNmUtZTUxZGJkODY5YTM2XkEyXkFqcGdeQXVyODE5NzE3OTE@._V1_UX45_CR0,0,45,67_AL_.jpg",238. Holiday (2014),7.3,,
"https://m.media-amazon.com/images/M/MV5BMTcwOTEyMTYyM15BMl5BanBnXkFtZTcwMTEyMTAzMQ@@._V1_UY67_CR0,0,45,67_AL_.jpg",239. Parineeta (2005),7.3,,
"https://m.media-amazon.com/images/M/MV5BM2QwNmIzNzEtMzlhMS00MmU1LWFjZGYtNjc5ZTg3NTE5MWY1XkEyXkFqcGdeQXVyODE5NzE3OTE@._V1_UY67_CR0,0,45,67_AL_.jpg",240. Gold (2018),7.3,,
"https://m.media-amazon.com/images/M/MV5BOWZjMTEwMGEtYmMyNy00ZjkzLWFjMzQtYzcyZDYxMWM0MjA2XkEyXkFqcGdeQXVyODIwMDI1NjM@._V1_UY67_CR1,0,45,67_AL_.jpg",241. Ayan (2009),7.3,,
"https://m.media-amazon.com/images/M/MV5BMjI1MTA5MzM2MF5BMl5BanBnXkFtZTgwNjk2MDgwMjE@._V1_UX45_CR0,0,45,67_AL_.jpg",242. Mardaani (2014),7.3,,
"https://m.media-amazon.com/images/M/MV5BNTMxOTc5NzM0OF5BMl5BanBnXkFtZTgwMDcwNjkwMzE@._V1_UY67_CR1,0,45,67_AL_.jpg",243. Saajan (1991),7.3,,
"https://m.media-amazon.com/images/M/MV5BOTgxMTc0NTItODUyYy00ODY1LTg0NDEtZGI0MzQxZGY5NmFhXkEyXkFqcGdeQXVyNDUzOTQ5MjY@._V1_UY67_CR0,0,45,67_AL_.jpg",244. Taxi No. 9 2 11: Nau Do Gyarah (2006),7.3,,
"https://m.media-amazon.com/images/M/MV5BNDJiNDQxYWUtNTM2Mi00MDg3LWI5NTYtNjU1NmVmNmYwNTE5XkEyXkFqcGdeQXVyNDUzOTQ5MjY@._V1_UX45_CR0,0,45,67_AL_.jpg",245. Shaitan (2011),7.2,,
"https://m.media-amazon.com/images/M/MV5BOTc0YTJhZDktMGViYi00NjIwLThiMDEtY2E4NWFkYWQxNjQ5XkEyXkFqcGdeQXVyNjQ2MjQ5NzM@._V1_UX45_CR0,0,45,67_AL_.jpg",246. Mom (2017),7.2,,
"https://m.media-amazon.com/images/M/MV5BYWM0ZjNkNmQtZTBmYi00NTk3LWJkMWUtMTI0MDAzODU0YTk2XkEyXkFqcGdeQXVyODE5NzE3OTE@._V1_UY67_CR0,0,45,67_AL_.jpg",247. Te3n (2016),7.2,,
"https://m.media-amazon.com/images/M/MV5BNzc1NTUxYzEtN2UyNi00ZjBlLThjOTctZGUwODQzZmEyNWRhXkEyXkFqcGdeQXVyODE5NzE3OTE@._V1_UY67_CR0,0,45,67_AL_.jpg",248. Shanghai (2012),7.2,,
"https://m.media-amazon.com/images/M/MV5BMTU4Mzk0NDY3OV5BMl5BanBnXkFtZTcwMjE1MTkyNA@@._V1_UY67_CR0,0,45,67_AL_.jpg",249. No One Killed Jessica (2011),7.2,,
"https://m.media-amazon.com/images/M/MV5BZTcxODk1ZWItNjliZi00YWI3LWI1NjMtMTYxYjJjNDRkNmVhXkEyXkFqcGdeQXVyNjQ1MDcxNzM@._V1_UX45_CR0,0,45,67_AL_.jpg",250. Dookudu (2011),7.2,,
